{
  "version": 1,
  "author": "Anonymous maker",
  "editor": "wokwi",
  "parts": [
    { "type": "wokwi-esp32-devkit-v1", "id": "esp", "top": -23.33, "left": 115.33, "attrs": {} },
    {
      "type": "wokwi-led",
      "id": "led1",
      "top": 1.07,
      "left": -165.4,
      "attrs": { "color": "magenta" }
    },
    {
      "type": "wokwi-led",
      "id": "led2",
      "top": 1.06,
      "left": -112.06,
      "attrs": { "color": "limegreen" }
    },
    {
      "type": "wokwi-led",
      "id": "led3",
      "top": 1.06,
      "left": -58.06,
      "attrs": { "color": "red", "flip": "" }
    },
    {
      "type": "wokwi-led",
      "id": "led4",
      "top": 1.06,
      "left": -11.4,
      "attrs": { "color": "yellow", "flip": "" }
    }
  ],
  "connections": [
    [ "esp:TX0", "$serialMonitor:RX", "", [] ],
    [ "esp:RX0", "$serialMonitor:TX", "", [] ],
    [ "led4:C", "esp:GND.2", "green", [ "v0" ] ],
    [ "led4:A", "esp:D13", "green", [ "v0" ] ],
    [ "led3:A", "esp:D12", "green", [ "v0" ] ],
    [ "led2:A", "esp:D14", "green", [ "v0" ] ],
    [ "led1:A", "esp:D27", "green", [ "v0" ] ],
    [ "led3:C", "esp:GND.2", "green", [ "v83.05", "h47.9" ] ],
    [ "led2:C", "esp:GND.2", "green", [ "v83.68", "h57.43" ] ],
    [ "led1:C", "esp:GND.2", "green", [ "v0" ] ]
  ],
  "dependencies": {}
}